product_name,model,variant,storage_gb,is_new,sold_price_usd
"[USA-CA] [H] 5500x3ds, 1tb 860 EVO SATA SSD, 3900xt, iPhone 16 PM, 1tb NVME SSD, 2tb NVME SSD [W] Local Cash, PayPal",16,standard,128,0,200
"[USA-MI] [H] iPhone 15, iPhone 14, iPhone 13 Unlocked [W] PayPal",15,standard,128,0,420
[USA-IL] [H] iPhone 14 Pro 512gb damaged [W] PayPal,14,pro,512,0,250
"[USA-NY][H] iPhone 17, iPhone 14, iPhone 13 Pro [W] Paypal, Local Cash",14,pro,128,0,380
[USA-GA] [H] Limited Budget / PayPal [W] iPhone 13 Pro Max / 14 Pro Max,13,pro_max,128,0,200
"[USA-CA] [H] iPhone 15 Pro 512gb Unlocked , Galaxy A15 5G NEW [W] PayPal",15,pro,512,0,510
"[USA-MI] [H] iPhone 16, iPhone 15, iPhone 14 x2, iPhone 13 Unlocked [W] PayPal",16,standard,128,0,525
"[USA-MA] [H] iPhone 16 Pro Max, iPhone 16 Pro x2, iPhone 15 Pro Max x3, iPhone 15 Pro x3, iPhone 13 Pro Max, iPhone 12 Pro Max, iPhone 12, iPhone 12 Mini, iPhone 11 Pro, iPhone 11 Pro Max x2, iPhone SE2, iPhone SE3, iPhone ""17 Pro Max"" (12), Galaxy S23 Ultra, Pixel 9a [W] Paypal",16,pro_max,128,0,665
"[USA-MD] [H] 4TB WD Blue SN5000 SSD PCIE Gen 4.0 SSD, Timetec Pinnacle Konduit RGB 32GB KIT(2x16GB) DDR4 3200MHz PC4-25600 CL16 White Ram, iPhone 15 Aquamarine 128gb Unlocked, 48gb DDR5 8400 CUDIMM RAM [W] Local Cash, PayPal",15,standard,128,0,350
[USA-NC][H] Apple iPhone 15 Pro 128GB Unlocked/Natural Titanium [W] PayPal,15,pro,128,0,450
"[USA-IA][H]Paypal, Local cash [W] iPhone 16 pro max, 15 pro max",16,pro_max,128,0,670
[USA-CO][H] iPhone 14 PRO 128GB unlocked 100% BH [W] Paypal,14,pro,128,0,350
"[USA-CA] [H] iPhone 15 Pro 512gb Unlocked , Galaxy A15 5G NEW[W] PayPal",15,pro,512,0,550
"[USA-FL] [H] Laptop HP Omen 15 (Ryzen 7 4800H, 32GB RAM), iPhone 13 Pro 256GB Graphite Unlocked, 16GB (2x8) DDR4 SODIMM RAM [W] Local Cash",13,pro,128,0,550
"[USA-CA] [H] 5800XT, 9900KF ITX Combo, Noctua LH-L9i, EK-AIO LGA1700 Upgrade Kit, OtterBox iPhone 12 cases [W] PayPal",12,standard,128,0,275
[USA-CA] [H] iPhone 14 Pro Max | Oneplus 13 [W] Paypal or Local Cash,14,pro_max,128,0,400
"[USA-CA] [H] iPhone 15 Pro 128GB, iPhone 15 Pro Max 256GB [W] PayPal",15,pro_max,128,0,575
"[USA-PA] [H] DDR4 RDIMM ECC Server Memory Stick(s) - 256GB of (12) 16GB, (1) 64GB, and (1) 32GB [W] PayPal, Legion Go S 2, Unlocked (or Xfinity) iPhone 15, 16, or 17, or Trades",15,standard,256,0,450
"[USA-MI] [H] iPhone 15 Pro Max 256GB, iPhone 13 Pro 128GB, iPhone 13 128GB [W] PayPal",15,pro_max,256,0,600
[USA-GA][H] iPhone 16 Pro Max 256 [W] Paypal or local cash,16,pro_max,128,0,750
[USA-CA][H] iPhone 15 base 128GB black &amp; pink unlocked [W] PayPal or local cash,15,standard,128,0,340
[USA-GA] [H] Iphone 16 Pro Black Titanium 128gb (T-Mobile LOCKED) and iPad mini 1st gen [W] Paypal G&amp;S,16,pro,128,0,520
[USA-WI] [H] iPhone 14 Pro 128GB Gold Unlocked | 84% Battery [W] Paypal,14,pro,128,0,295
[USA-CA] [H] Two iPhone 15 plus 128gb unlocked [W] Paypal,15,plus,128,0,420
[USA-NY] [H] Unlocked iPhone 13 Pro Max 256GB Graphite [W] PayPal,13,pro_max,256,0,420
"[USA-MA][H]Galaxy S23 Ultra, iPhone 17e, iPhone 16 Pro, iPhone 15 Pro Max x3, iPhone 15 Pro, iPhone 14 Pro max, iPhone 14 Pro, iPhone 12 Pro Max, iPhone 11 Pro Max, iPhone 11 Pro, Google Pixel 9a [W] Paypal",16,pro_max,128,0,475
"[USA-WA] [H] iPhone 15 Pro, Meta Quest 3, 16GB/32GB DDR5 RAM, 1TB/4TB NVMe SSDs, 4TB T7 SSD, 2x BNIB MSI 5070 TI [W] RTX Pro 6000, FormD T1 v2.1 case(s) &amp; accessories, Local cash, PayPal",15,pro,128,1,430
[USA-NJ] [H] iPhone 15 Pro Max 256GB [W] PayPal,15,pro_max,256,0,550
"[USA-WA] [H] iPhone 15 Pro, Meta Quest 3 w/accessories, DDR5 RAM 16GB–32GB kits, Gigabyte x870, Corsair M75 Wireless Mouse [W] Local Cash, PayPal",15,pro,128,0,440
[USA-MI] [H] iPhone 15 Pro Max 512GB [W] PayPal,15,pro_max,512,0,685
"[USA-MA] [H] iPhone 16 Pro Max, 15 Pro max, 14 Pro Max, 14 Pro, 13 Pro, 17e [W] Paypal",16,pro_max,128,0,750
"[USA-CA] [H] Apple iPhone 15 Pro Max, 256GB, Black Titanium + throw-in elago case [W] PayPal",15,pro_max,256,0,450
"[USA-TX] [H] iPhone 15 Pro (128GB, Titanium, Unlocked) [W] PayPal",15,pro,128,0,490
[USA-OR][H] Gigabyte RTX 5080 16gb Gaming OC edition and iPhone 15 pro 128gb unlocked [W]local cash or pp invoiced.,15,pro,128,0,1200
"[USA-WA] [H] rog ally z1 extreme, iPhone 15 pro, 4tb m.2 ssd, PlayStation controllers [W] PayPal or local cash",15,pro,128,0,635
[USA-GA] [H] Unlocked iPhone 15 Pro Natural 256GB Physical SIM w/ First Party &amp; Premium Cases PRICE DROP [W] PayPal G&amp;S,15,pro,256,0,675
"[USA-MI] [H] iPhone 15 Pro Max 256GB, iPhone 16 Pro Max 256GB [W] PayPal",16,pro_max,256,0,620
[USA-IL][H]Unlocked iPhone 15 Pro Max 256GB Natural Titanium [W] PayPal,15,pro_max,256,0,650
[USA-MI] [H] iPhone 15 Pro Max 256GB [W] PayPal,15,pro_max,256,0,650
"[USA-MI] [H] iPhone 14 Pro Max 256GB, iPhone 15 Pro Max 256GB, iPhone 15 Pro Max 512GB Unlocked [W] PayPal",15,pro_max,256,0,450
[USA-MA][H]iPhone 15 Pro 256gb Blue NEW Battery [W]Paypal,15,pro,256,0,425
[USA-TX] [H] PayPal [W] iPhone 15 pro or max,15,pro,128,0,380
[USA-TX][H] Pixel 10 Pro Fold | iPad Pro 13' M4 | iPhone 15 Pro Max | Pixel 9 Pro XL | iPhone 11 Pro [W] Paypal,15,pro_max,128,0,900
[USA-NY] [H] iPhone 15 Pro [W] Local Cash,15,pro,128,0,450
"[USA-NY] [H] MSI Claw 8 AI+, MCON Controller Set (Limited Edition Clear), Keychron Q10, Clicks Keyboard cases (iPhone 16 Pro Max &amp; iPhone 15 Plus) [W] PayPal, Local Cash",16,pro_max,128,0,900
"[USA-MN] [H] Unlocked iPhone 15 Pro Max 256 GB, Unlocked Samsung S22 Ultra Black 256 GB [W] PayPal, Snapdragon X Laptop",15,pro_max,256,0,550
"[USA-GA][H] iPhone 15 Pro Max 1TB Blue Titanium [W] PayPal, Local Cash",15,pro_max,128,0,725
[USA-OH] [H] iPhone 15 Pro 128gb Natural Titanium Unlocked [W] PayPal [Price Drop],15,pro,128,0,400
"[USA-MI] [H] iPhone 15 Pro Max 512GB, iPhone 16 Pro Max 256GB [W] PayPal",16,pro_max,512,0,685
"[USA-NY][H] iPhone SE 3rd gen, iPhone 15 pro 256gb [W] PayPal, Cash",15,pro,256,0,510
"[USA-CA][H] iPhone 15 Pro 256GB Unlocked [W] Local Cash, PayPal",15,pro,256,0,500
[USA-OH] [H] iPhone 15 Pro 128gb Natural Titanium Unlocked [W] PayPal,15,pro,128,0,425
"[USA-PA] [H] iPhone 15 Pro, Two 15, 14, and 11, Unlocked [W] PayPal",15,pro,128,0,625
"[USA-WA] [H] 7600x, iPhone 15 Pro, 256GB MicroSD Express, 512GB 2230 NVMe SSDs [W] PayPal, Local Cash",15,pro,256,0,485
"[USA-CA] [H] iPhone 14 Pro Max 128GB Silver Unlocked [W] PayPal, Local Cash",14,pro_max,128,0,400
"[USA-IN][H] 2x iPhone 15 Pro (unlocked), iPhone X (unlocked) [W] PayPal/Local Cash",15,pro,128,0,470
[USA-CA] [H] iPhone 15 Pro Max - 256GB - Black - 84% Battery [W] PayPal,15,pro_max,256,0,525
"[USA-MI] [H] iPhone 14 Pro Max 256GB, iPhone 15 Pro Max 256GB [W] PayPal",15,pro_max,256,0,475
[USA-NY][H]Paypal[W] iPhone 15 or 16 Plus or Pro Max 256GB or higher,15,pro_max,256,0,750
"[USA-TX] [H] iPhone 15 Pros, iPhone 14 Pro, iPhone 13 Pro Max, iPhone 13 [W] Paypal",15,pro_max,128,0,600
[USA-GA] [H] Unlocked iPhone 15 Pro Natural 256GB Physical SIM w/ First Party &amp; Premium Cases [W] PayPal G&amp;S,15,pro,256,0,675
"[USA-NY] [H] iPhone 14 Pro 512GB Unlocked, iPhone 15 Pro Max 256GB Unlocked [W] Paypal",15,pro_max,512,0,450
"[USA-VA][H] iPhone 15 Pro 128GB, Switch V1, Switch OLED [W] Verified PayPal",15,pro,128,0,420
"[USA-CA] [H] Unlocked iPhone 15 Pro 512gb White Titanium [W] Paypal, Local Cash (92122)",15,pro,512,0,590
[USA-MI] [H] iPhone 15 Pro Max 512GB Unlocked [W] PayPal,15,pro_max,512,0,700
[USA-CA] [H] iPhone 15 Pro 128GB Unlocked [W] PayPal,15,pro,128,0,510
"[USA-CA][H] iPhone 15 Pro Max 512GB, iPhone 15 Pro Max 256GB Both Natural Titanium [W] Paypal, Local Cash",15,pro_max,512,0,700
"[USA-CA] [H] iPhone 16 128gb, iPhone 15 128gb [W] PayPal",16,standard,128,0,370
"[USA-MN] [H] iPhone 16 plus 128gb unlocked, iPhone 15 128gb unlocked [W] paypal",16,plus,128,0,880
[USA-MI] [H] iPhone 15 Pro Max 256GB Unlocked [W] PayPal,15,pro_max,256,0,610
[USA-NC][H] Apple iPhone 15 Plus 128GB Unlocked/Black [W] PayPal,15,plus,128,0,280
"[USA-MI] [H] iPhone 15 Pro Max, iPhone 14 Pro Max, iPhone 15 Pro Unlocked [W] PayPal",15,pro_max,128,0,600
[USA-OR] [H] iPhone 15 128GB Black (Unlocked) [W] PayPal,15,standard,128,0,425
[USA-CA][H] iPhone 15 Pro Max 512GB Titanium [W] Paypal G&amp;S,15,pro_max,512,0,715
"[USA-AZ] [H] BNIB Unlocked Apple iPhone 15 base, 128GB, Black, Galaxy S24 Ultra 256GB, Galaxy S25, 128GB, Navy [W] PayPal, Local Cash",15,standard,128,1,420
"[USA-PA] [H] Apple iPhone 15 Plus, Apple iPhone 14 Plus, Apple iPhone 13, Motorola Razr 2025 [W] PayPal",15,plus,128,0,450
[USA-IL] [H] Apple iPhone 14 Unlocked [W] PayPal,14,standard,128,0,400
"[USA-IL][H] 3080Ti FTW3 Ultra, 9070XT, iPhone 14 512GB, Homepod Mini, B550 ITX board, 5600x, 5800x, A620i AX, Noctua L9i, Thermalright 120mm Cooler [W] Local Cash/Paypal",14,standard,512,0,450
"[USA-SC] [H] Paypal [W] iPhone 12,13,14",12,standard,128,0,200
"[USA-SC] [H] Iphone 14 Pro Max 128GB, 2TB/4TB Samsung 990 Pro, 2TB Samsung 990 Evo Plus [W] Paypal/Cash",14,pro_max,128,0,370
[USA-AZ][H] iPhone 14 Pro Deep Purple 128 GB Unlocked [W] PayPal,14,pro,128,0,320
"[USA-MO] [H] IPhone 16 pro, IPhone 14 Pro Max, iPhone 13 Pro Max, iPhone 13 mini all Unlocked. [W] PayPal",16,pro_max,128,0,625
[USA-MI] [H] iPhone 14 Pro 256GB Unlocked [W] PayPal,14,pro,256,0,350
[USA-NM][H] iPhone 14 Pro 256GB Deep Purple Unlocked [W]Paypal,14,pro,256,0,425
"[USA-IL][H] iPhone 14 Pro Midnight Purple [W] Local Cash/Paypal, Ricoh GR3",14,pro,128,0,300
[USA-MI] [H] iPhone 14 Pro Max 256GB Unlocked [W] PayPal,14,pro_max,256,0,465
[USA-NC][H] Unlocked Silver iPhone 14 Pro 128 GB [W] PayPal,14,pro,128,0,315
"[USA-IL] [H] iPhone 14 Pro 128 GB Unlocked, [W] PayPal",14,pro,128,0,350
[USA-CA] [H] unlocked iPhone 14 Pro silver 128gb [W] PayPal,14,pro,128,0,330
"[USA-SC] [H] IPhone 14 Pro Max [W] PayPal, Local Cash",14,pro_max,128,0,400
[USA-NY][H] iPhone 14 Pro Max (Unlocked) [W] PayPal,14,pro_max,128,0,360
"[USA-TN] [H] Switch v1 unpatched, Breath of the Wild, Smash, Super Mario 3D All-Stars, Skyrim, Extra Joycons/ PS5 Xbox Controllers, iPhone 14 Pro Purple 256GB [W] PayPal",14,pro,256,0,350
"[USA-PA][H] Various iPhone 12 Pro Max - iPad Pro 12.9 2nd Gen 256Gb - MacBook Pro M1 Pro 14"" [W] Local Cash or Trade",12,pro_max,256,0,215
"[USA-NJ] [H] Unlocked iPhone 14 Black 128GB, 2x Gamesir G7 Pros, 2 Keyboards [W] Paypal",14,pro,128,0,320
[USA-CT][H] Apple iPhone 14 Pro Space Black 1TB [W] PayPal,14,pro,128,0,650
[USA-CA] [H] iPhone 14 Pro Max 1TB space black [W] PayPal,14,pro_max,128,0,600
[USA-MA][H] Unlocked iPhone 14 Pro Max 128GB [W] Paypal,14,pro_max,128,0,375
"[USA-NY] [H] iPhone 14 Pro, SNES classic, Switch, Wii U, Wii, ds lite, ps3, ps4, Xbox 360, Xbox one games [W] Paypal",14,pro,128,0,330
"[USA-NY] [H] seasonic SGX-650 sfx, iPhone 16 pro max, iPhone 14 Pro Max [W] PayPal",16,pro_max,128,0,850
"[USA-OH] [H] iPhone 15 w/AppleCare, 2x iPhone 14 , iPhone 13 Pro (Cracked Screen) [W] PayPal , or local cash",15,pro,128,0,450
"[USA-OH] [H] Apple iPhone 13,14 Network Unlocked, ThinkCentre &amp; T580 ThinkPad [W] PayPal or Local Cash",13,standard,128,0,315
[USA-OH] [H] Unlocked iPhone 14 Pro 256gb | 85% Battery Life [W] Local Cash or Paypal,14,pro,256,0,420
"[USA-TN] [H] Switch v1 unpatched, Skyrim, PS5 / Xbox Controllers, iPhone 14 Pro Purple 256GB [W] PayPal",14,pro,256,0,350
"[USA-NJ] [H] iPhone 14 Pro Max 128GB Unlocked [W] PayPal, Local Cash",14,pro_max,128,0,375
"[USA-CA] [H] iPhone 14 Pro 128gb space black, 100% battery health [W] Local cash, paypal",14,pro,128,0,325
[USA-TN] [H] USED iPhone 14 Pro -128GB/Deep Purple Color[W] Verified Paypal,14,pro,128,0,350
[USA-MI] [H] iPhone 14 Pro 256GB Unlocked AppleCare+ Replacement [W] PayPal,14,pro,256,0,475
"[USA-TX] [H] iPhone 14 Pro Max, White 128GB [W] PayPal",14,pro_max,128,0,420
"[USA-LA][H] NEW Apple refurb Iphone 14 pro Max 256gb, Iphone 13 Pro 256gb green (new battery) [W] Local Cash, Paypal",14,pro_max,256,0,550
[USA-CA] [H] Apple iPhone 14 Pro Max 512gb [W] PayPal,14,pro_max,512,0,500
"[USA-CA][H]iPhone 15 Pro 256GB, iPhone 14 Pro Max 256GB [W]Local Cash, Paypal G+S",15,pro_max,256,0,625
"[USA-NY][H] A bunch of Android phones, iPhone 13 Pro Max, Lenovo Thinkpad 20DM [W] PayPal, Local Cash",13,pro_max,128,0,300
"[USA-CO] [H] Microsoft Surface Laptop 5, Dell Precision 3551 Laptop, AMD Ryzen 7 5700x CPU, iPhone 14 [W] PayPal, Local Cash",14,standard,128,0,320
[USA-WA] [H] iPhone 14 128GB Blue Unlocked 100% Battery [W] PayPal G&amp;S,14,standard,128,0,220
[USA-TX] [H] iPhone 14 128gb Purple Unlocked [W] PayPal G&amp;S,14,standard,128,0,200
"[USA-OH] [H] iPhone 15 128GB Black (100% Bat, AppleCare), iPhone 14 128GB Midnight (98% Bat) [W] PayPal, Local Cash",15,standard,128,0,425
[USA-CA][H] iPhone 14 Plus- 128GB- Midnight Blue- Unlocked- Battery Health 87% [W] Paypal,14,plus,128,0,300
[USA-WA] [H] iPhone 14 [W] PayPal,14,standard,128,0,200
[USA-CA] [H] iPhone 14 Plus Product (RED) 128GB Unlocked [W] PayPal,14,pro,128,0,295
[USA-CA] [H] iPhone 14 128 GB [W] Paypal,14,standard,128,0,210
"[USA-CA] [H] iPhone 14 Plus Unlocked, iBOFF 1TB NAND4 Mac Mini Drive Upgrade Kit [W] Paypal",14,plus,128,0,280
"[USA-GA] [H] iPhone 13 Pro Max, 2TB nvme ssd, RTX 3060Ti [W] PayPal, local cash",13,pro_max,128,0,375
"[USA-NJ] [H] PNY 5080 RGB, iPhone 13 mini, 14900K, B650 Eagle DDR5 combo, Corsair SF1000/L, Dualsense Edge, EV RE20 Mic, Arlo Camera System, Blue Yeti X Pro, Blue Yeti Nano [W] PayPal / Local Cash",13,pro,128,0,950
"[USA-CA][H] iPhone 13 Pro Max 512GB Blue, MSI 240mm AIO, Nomad iPhone 17 Pro Max Case and Screen Protector Bundle [W] Paypal",13,pro_max,512,0,260
"[USA-PA] [H] PowerColor Fighter 9070 XT, iPhone 13 Pro 256GB (Unlocked) [W] PayPal Invoice",13,pro,256,0,260
"[USA-NY][H] iPhone 13 Pro Max 128GB with cracked camera lens, 76% battery, bad faceID, slight crack on screen [W] PayPal",13,pro_max,128,0,225
[USA-CO][H] iPhone 13 Pro Max &amp; iPhone 13 Mini [W] Paypal,13,pro_max,128,0,300
"[USA-MD] [H] Gigabyte AORUS RTX 5080 MASTER ICE, iPhone 15 Pro Max 256GB unlocked[W] PayPal, Local Cash",15,pro_max,256,0,1400
"[USA-MD][H] LG ULTRAGEAR 32GQ950-B 32” 4K 144(160)hz Monitor, MSI Optix MAG342CQR 34'' 144Hz Curved Monitor, Razer Leviathan V2 Pro Soundbar Subwoofer, Razer Thunderbolt™ 4 Dock Chroma, ROG Azoth Gaming Keyboard, 2 x Sony PS5 DualSense Controller, 2 x *Locked*BNIB iPhone 13 128G Black [W] Local Cash",13,pro,128,1,300
"[USA-CA] [H] iPhone 13 PM UNLOCKED, with extras included [W] PayPal GS",13,standard,128,0,350
[USA-PA] [H] iPhone 13 Pro 256GB (Unlocked) [W] PayPal Invoice,13,pro,256,0,300
[USA-GA] [H] iPhone 13 Pro Max 128GB “Gold” [W],13,pro_max,128,0,350
"[USA-NJ] [H] Gigabyte 3080ti, Google pixel 9 pro fold, iPhone 13 Pro [W] PayPal/Local",13,pro,128,0,550
"[USA-PA] [H] iPhone 13 Pro 256GB, 1TB WD SN5000s NVME [W] PayPal Invoice",13,pro,256,0,300
[USA-NJ] [H] iPhone 13 Pro 256gb Unlocked [W] PayPal,13,pro,256,0,350
"[USA-CA] [H] iPhone 13, Unlocked 13 Pro Max, 1st Gen Nintendo Switch [W] PayPal",13,pro_max,128,0,320
"[USA-CA][H] Paypal [W] iPhone 13 Pro or Pro Max 256GB, Steam Deck LCD",13,pro_max,256,0,250
[USA-CA] [H] iPhone 13 Pro 512GB Unlocked [W] Paypal,13,pro,512,0,400
"[USA-IL][H] iPhone 13 Pro 256GB, iPhone 11 Pro 256GB [W] Paypal/Local Cash",13,pro,256,0,300
"[JPN][H] iPhone 13 Mini 256GB Starlight, Bigme Hibreak Pro B/W [W] PayPal, PayPay, Cash",13,pro,256,0,295
[USA-CA] [H] IPhone 13 Pro 512gb unlocked [W] Paypal,13,pro,512,0,400
[USA-NJ] [H] iPhone 13 mini 128GB unlocked [W] PayPal,13,standard,128,0,200
[USA-NJ] [H] iPhone 13 with box [W] PayPal,13,standard,128,0,210
"[USA-TX] [H] iPhone 13, 256GB, Starlight [W] PayPal",13,standard,256,0,240
"[USA-CA] [H] iPhone 16 Plus 128gb, iPhone 13 mini 128gb [W] PayPal",16,plus,128,0,430
"[USA-CA] [H] iPhone 16 , iphone 13 [W] PayPal",16,standard,128,0,450
[USA-NY] [H] Red 128 gb iPhone 13 unlocked [W] PayPal,13,standard,128,0,250
[USA-WA] [H] iPhone 13 128GB Midnight Unlocked [W] PayPal G&amp;S,13,standard,128,0,325
[USA-CA] [H] 2 iPhone 13 Blue 128GB Unlocked [W] PayPal,13,standard,128,0,280
[USA-NY] [H] IPhone 13 Unlocked [W] Cash Paypal,13,standard,128,0,250
[USA-WA][H] iPhone 13 mini 128GB - Midnight (Unlocked) [W] Paypal,13,standard,128,0,260
"[USA-WA][H] iPhone 13 128gb blue, iPhone 13 256gb pink [W] PayPal",13,standard,128,0,210
[USA-NY] [H] IPhone 13 128 gb starlight [W] Paypal,13,standard,128,0,220
"[USA-CA] [H] iPhone 13 Product Red, Nintendo Switch OLED ToTK edition, Switch games [W] PayPal, Local Cash",13,pro,128,0,250
