product_name,chip,variant,ram_gb,storage_gb,is_new,sold_price_usd
"[USA-WA] [H] 15"" MacBook Air M4 - 24GB RAM / 512GB SSD [W] Paypal, Cash",m4,air,24,256,0,1050
[USA-MA] [H] MacBook Neo Silver (26gb) &amp; AirPod Pro 3 [W] PayPal,m2,pro,8,256,0,485
"[USA-CT] [H] Apple 2025 MacBook Air 13-inch Laptop with M4 Chip, 256GB [W] PayPal",m4,air,8,256,0,735
[USA-NY] [H] Apple MacBook 2020 (intel) [W] Cash meet up,intel,air,8,256,0,300
"[USA-NC][H] 13.6in Apple MacBook Air M2, 16GB, 512GB [W] PayPal",m2,air,16,256,0,600
[USA-MN] [H] 13-inch M4 Macbook Air 16/256 [W] Paypal,m4,air,8,256,0,725
[USA-TX] [H] 15-inch MacBook Air M5 [W] PayPal,m2,air,8,256,0,1000
[USA-FL][H] PayPal [W] Macbook M2 Pro 16 inch or equivalent,m2,pro,8,256,0,950
"[USA-NY] [H] Macbook Air M2 2022 13"" [W] PayPal",m2,air,8,256,0,750
"[USA-IA] [H] Mac Studio M4 Max, MacBook Pro 16 M2 Max, Samsung Galaxy Z Trifold [W] PayPal",m4,pro,8,256,0,1850
"[USA-CA] [H] Macbook Air M2 24GB/1TB, 2 1TB NVMe Samsung SSD [W] Paypal",m2,air,24,1000,0,650
"[USA-LA] [H] Lenovo Legion 5 Pro Ryzen 9 8945HX/5060/16GB/1TB [W] Macbook air M3/M5, Paypal G&amp;S",m3,pro,16,1000,0,1200
"[USA-WA] [H] MacBook Pro 14"" M2 Pro 16/512, ThinkPad X1 Carbon Gen 10 (WQUXGA), ASUS ROG Zephyrus G14 /w 4060 (2TB NVME upgrade), Supernote Manta, Kindle Scribe 2024, PiKVM V4 Plus, Logitech MX Mechanical Mini, MX Keys Mini &amp; MX Master 3S [W] PayPal, Local",m2,pro,8,2000,0,950
[USA-OH][H] 1TB 16GB Ram 2020 M1 Macbook Pro W/ Touchbar and iPad Air 5th Generation [W] PayPal or local cash,m1,pro,16,1000,0,550
"[USA-CA] [H] MacBook Air M1 [W] PayPal, Local Cash",m1,air,8,256,0,390
"[USA-MI] [H] MacBook Air M4 13"" 512GB/24GB [W] PayPal",m4,air,8,512,0,975
[USA-IN] [H] MacBook Air M4 13” 256GB/16GB [W] PayPal,m4,air,8,256,0,680
[USA-FL] [H] Paypal [W] Macbook Pro (M2 Pro - M3) 512gb/16gb (preferably 14 inch),m3,pro,8,512,0,850
"[USA-PA][H] MacBook Air M2 15"" 1TB 16GB RAM [W] local, paypal",m2,air,16,1000,0,700
"[USA-NV] [H] Apple MacBook Pro 14 M1 Pro 16/512 100% battery, Apple MacBook Air M4 10c/10c 16/512, Canon M200 with 22mm and 15-45 lenses [W] PayPal",m4,pro,8,256,0,650
"[USA-MI] [H] MacBook Air M4 13"" 512GB/16GB [W] PayPal",m4,air,8,512,0,865
"[USA-GA] [H] Paypal [W] MacBook Air/Pro (16gb RAM, any M cpu)",m2,pro,16,256,0,400
"[USA-CT] [H] 13"" Macbook Air M4 Silver 16/256 | PS5 Pro 2TB Digital [W] PayPal",m4,pro,8,2000,0,650
"[USA-OR] [H] Macbook Air 13 M1 8gb/512gb, 32gb DDR5 6000, 32gb DDR4, (2) 1TB NVME drives, [W] Paypal",m1,air,8,1000,0,365
"[USA-NY] [H] M4 MacBook Air 13"" Silver 16GB/256GB [W] Cash, Local NYC",m4,air,16,256,0,700
[USA-CA] [H] PayPal [W] M3 MacBook Air,m3,air,8,256,0,450
"[USA-CA] [H] Apple Macbook Air M4 13"" (24GB RAM, 256GB SSD, Sky Blue), Apple Macbook Air M3 13"" (8GB RAM, 256GB SSD, Starlight) [W] Paypal",m4,air,24,256,0,725
[USA-KY][H]Macbook Air M5 and Alienware Gaming Laptop [W] Paypal,m2,air,8,256,0,950
"[USA-NY] [H] M1 MacBook Air 8GB, M4 MacBook Air 16GB, Budget HP Gaming Laptop, Unpatched v1 Nintendo Switch [W] PayPal, Cash",m4,air,8,256,0,800
"[USA-IL][H] Paypal [W] 14"" Macbook Pro",m2,pro,8,256,0,1000
"[USA-IL][H] Gaming PC w/ 4070 TI [W]Macbook Pro, Macbook Air, PayPal, Local Cash",m2,pro,8,256,0,950
[USA-NJ] [H] 13 inch MacBook Air M4 16GB RAM / 512GB SSD Sky Blue AppleCare+ [W] Local Cash,m4,air,16,256,0,810
"[USA-PA] [H] Apple Macbook Air 13"" M4 16GB / 512 GB AppleCare+ [W] Local Cash, PayPal",m4,air,16,256,0,800
"[USA-NC] [H] M1 Macbook Air, Moza Truck Wheel, Moza Stalks, Moza Handbrake, Simagic DS-8X, Seestar S50 [W] PayPal",m1,air,8,256,0,350
[USA-OR] [H] 2020 Macbook Air M1 Rose Gold [W] Paypal or Local,m1,air,8,256,0,300
"[USA-GA] [H] MacBook Air M4 13"" 16GB/256GB [W] PayPal G&amp;S",m4,air,16,256,0,725
"[USA-NC] [H] RTX 5080 FE, Macbook Pro M4, 5800XT B550 Bundle, Mr. Suit Keyboard, Audeze LCD 2 Aluminum, GTX Titan Z, GTX Titan X Pascal, Scarlett Solo Gen4, Motu M2, Wave XLR, Schiit Fulla Amp/Dac, Corsair DDR4 [W] PayPal",m4,pro,8,256,0,950
[USA-TX] [H] MacBook Air 13in - M2 - 16GB - 256GB [W] PayPal,m2,air,16,256,0,600
"[USA-WI] [H] Tidbyt Gen 1, Mac mini M2, MacBook Air A1370 [W] PayPal",m2,air,8,256,0,375
"[USA-CA] [H] PayPal [W] MacBook Air 15"", 16 or 24GB RAM, 512GB SSD",m2,air,24,256,0,700
"[USA-CA] [H] Bunch of Laptops: Macbook Air M4 Sky Blue 16/256GB, Lenovo Yoga Slim 7i Aura Edition 32GB/1TB, Macbook Air M2 Midnight 8/256GB, Microsoft Surface Pro 11 Black 16/512 OLED, Microsoft Surface Laptop 7 Black 16/512GB [W] Paypal, Local Cash",m4,pro,8,1000,0,740
"[USA-NY] [H] M2 Macbook Air 15"" Midnight, 2021 Asus G15 GA503QR, AMD RX 6800XT reference card, Nuphy Air75 v2, Mode Sonnet custom build, Square Reader [W] Paypal, Cash",m2,air,8,256,0,425
[USA-FL] [H] 13 inch M2 MacBook Air 16GB Ram 500GB SSD [W] Paypal,m2,air,16,256,0,300
"[USA-NY] [H] Apple 13"" MacBook Air M2, 8GB RAM, 256GB SSD, Midnight, LIGHTLY USED 99% BATTERY [W] Local Cash or Paypal",m2,air,8,256,0,550
"[USA-CT][H]Macbook Air 13 M2, Surface Pro 9 [W] PayPal",m2,pro,8,256,0,650
"[USA-CO][H]2024 Asus Zephyrus G16, AMD HX 370 32GB 2TB RTX 4070; 2023 Apple Macbook Pro 16 M2 Max 38c GPU 64GB 1TB; 2025 Apple Macbook Air M4 24GB 512GB, 2025 Minisforum X1 Pro AMD HX370 32GB 1TB [W]Paypal",m4,pro,32,2000,0,1600
"[USA-IL][H] PayPal [W] MacBook M1, M2, M3",m3,air,8,256,0,750
[USA-NJ] [H] 2023 Macbook Air M2 15 inch 8gb 256gb 99% battery health [W] Local Cash,m2,air,8,256,0,470
"[USA-CA] [H] Macbook Air M2 13"" (8GB RAM, 256GB SSD), Microsoft Surface Laptop 7 (13.8"" Snapdragon X Plus), HP Elitebook 860 G10 16"" Business Laptop (Intel i7-1360P, 32GB RAM, 1TB SSD), Lenovo IdeaCentre Mini 01IRH10R (Intel Core 7 240H, 16GB RAM, 512GB SSD), Google Pixel Tablet (128GB) [W] Paypal",m2,air,8,1000,0,500
[USA-TX] [H] Macbook Air M2 13 8GB / 256GB [W] PayPal,m2,air,8,256,0,425
[USA-SD] [H] Paypal [W] M1/M2 Macbook Air/Pro,m2,pro,8,256,0,300
"[USA-IL] [H] MacBook Air m3, MacBook Pro m3 pro[W] PayPal, local cash",m3,pro,8,256,0,1950
"[USA-AZ] [H]16” MacBook Pro M2 Max 64gb 1tb [W] PayPal, other MacBook",m2,pro,64,1000,0,2000
"[USA-VA] [H] MacBook Air M4 16GB/256GB Sky Blue (1x sealed, 1x very lightly used); NCASE M2 V1.0 not used [W] PayPal",m4,air,16,256,1,850
"[USA-IL] [H]Midnight M2 MacBook Air 15"" 8gb/256gb w/ Apple Care+ [W] PayPal",m2,air,8,256,0,550
"[USA-AR] [H] 13” Midnight Macbook Air M2 Base Model, ASUS TUF FA16 Gaming Laptop 16” [W] PayPal, Local Cash",m2,air,8,256,0,550
"[USA-IL][H] PayPal [W] M2 MacBook Air 15""",m2,air,8,256,0,450
"[USA-MI] [H] M2 Macbook Air 13” [W] Paypal, Local",m2,air,8,256,0,500
"[USA-FL] [H] 15” MacBook Air M2 16GB 512GB in Midnight [W] Paypal, local cash",m2,air,16,256,0,675
"[USA-NC] [H] MacBook Air M2 15"" [W] PayPal",m2,air,8,256,0,450
[USA-CA] [H] Macbook Air M2 8GB 256GB [W] PayPal,m2,air,8,256,0,650
"[USA-CO] [H] 13"" M2 MacBook Air 24 GB Ram 512 GB [W] Paypal/Local Cash",m2,air,24,256,0,750
[USA-NV] [H] 13.6” MacBook Air M2 [W] Cash / PayPal G&amp;S,m2,air,8,256,0,500
"[USA-NY][H] Formd T1 ITX build, 15inch Macbook air M2 base model [W] Local Cash",m2,air,8,256,0,1800
"[USA-CA] [H] MacBook Air M2 13"" 8/256 [W]PayPal",m2,air,8,256,0,400
[USA-WA] [H] Macbook Air M2 Midnight 512GB [W] Paypal,m2,air,8,512,0,550
[USA-KS] [H] M2 MacBook Air [W] Paypal,m2,air,8,256,0,550
[USA-CA] [H] Macbook Air M2 Silver 16gb/256GB [W]Paypal G&amp;S,m2,air,16,256,0,500
"[USA-NY] [H] Macbook Air M2,2022 13in [W] PayPal",m2,air,8,256,0,650
"[USA-TN] [H] MacBook Air M2 - 13.3"", 8GB, 256GB SSD, Midnight [W] PayPal G&amp;S",m2,air,8,256,0,550
"[USA-NC] [H] 2023 15"" MacBook Air M2 8GB/256GB [W] PayPal",m2,air,8,256,0,750
"[USA-MA][H] 5800X3D x2, i7-12700K, 990 Pro 2TB / 4TB, EPOS H6PRO Open, Ryzen 5 3600, 13"" MacBook Air M2, 14"" MacBook Pro M1, LG 24"" 1440p 75Hz Monitor [W] PayPal / Local",m2,pro,8,2000,0,700
"[USA-CA][H] Mac mini (M4, 24GB, 512GB), MacBook Air 13"" (M2, 8GB, 512GB) [W] PayPal",m4,air,24,256,0,750
"[USA-UT][H] 9950X Combo, PNY RTX 3090, 5600G ITX Combo, 3200G Combo, i3 10105 ITX Combo, 5900X Combo, MacBook Pro 14"" M3 Pro [W] Local Cash, PayPal",m3,pro,8,256,0,545
"[USA-NJ] [H] Apple MacBook Pro 16"" M3 Pro 12C CPU/18C GPU/18GB/512GB with warranty [W] Paypal",m3,pro,8,256,0,1249
[USA-HI] [H] MacBook M3 Pro [W] PayPal $2000,m3,pro,8,256,0,2000
"[USA-FL] [H] Surface Book 3 13.5"" (i7-1065G7, 32GB RAM, GTX 1650mQ), M3 Pro 16"" MacBook Pro (18GB, 500GB, AppleCare+) [W] PayPal, Local Cash",m3,pro,32,256,0,425
[USA-CA][H] M3 Max 16 CPU Core / 24 GPU Core 128 GB RAM 2 TB SSD 16” MacBook Pro [W] PayPal,m3,pro,128,2000,0,2800
"[USA-CA] [H] 100% Battery Health 16"" Apple Macbook Pro m3 Pro [W] PayPal, Local Cash",m3,pro,8,256,0,1450
"[USA-UT][H] Gaming PC 9950X &amp; 7800XT / MacBook Pro 14"" M3 Pro [W] Local Cash (PC), PayPal",m3,pro,8,256,0,1650
"[USA-CA][H] 2023 M3 Pro Macbook Pro 14"" [W] Paypal G&amp;S",m3,pro,8,256,0,1650
"[USA-CA] [H] 14"" MacBook Pro M3 Pro [W] Local Cash, PayPal",m3,pro,8,256,0,1100
"[USA-NC][H] Mac mini M4 16GB 256GB 10GbE, MacBook Pro 14 M3 Max 36GB 1TB 30 Core [W] Paypal, Local Cash, or MacBook trade",m4,pro,16,1000,0,450
"[USA-OK] [H] 5700x3d, ASUS Pro WS X570, T-FORCE 128GB (4x32GB) 3600C18 Ram, PNY CS3030 NVMe M.2 - 1 TB SSD, EVGA 1300W PSU, Noctua U12a, 3 Noctua NF-A14 FLX 140mm fan, Macbook Air 15 M3 24G Ram 512G SSD [W] Local Cash, PayPal",m3,pro,128,1000,0,520
"[USA-TX] [H] Macbook Air M3 w/ Applecare+, Samsung Galaxy Buds 3 Pro, 1TB TeamGroup MP44S M.2 2230 [W] PayPal",m3,pro,8,1000,0,600
[USA-FL] [H] M3 MacBook Air 15” [W] PayPal,m3,air,8,256,0,925
"[USA-CA] [H] Apple Macbook Pro M3 Pro 14"" (Space Black, 18GB RAM, 512GB SSD, Applecare+) Apple Macbook Air M4 13"" (Starlight, 16GB RAM, 256GB SSD, Applecare+) [W] Paypal",m4,pro,8,256,0,700
"[USA-NY] [H] M3 MacBook Air 13"" 16GB/512GB Silver [W] PayPal, Local Cash",m3,air,16,256,0,800
[USA-FL] [H] Apple 13-inch MacBook Air with M3 Chip [W] PayPal Goods and Services,m3,air,8,256,0,550
"[USA-OK] [H] Apple MacBook Air 15-inch M3 with 24GB RAM and 512GB SSD [W]Local cash, PayPal",m3,air,24,256,0,849
"[USA-NJ] [H] 15"" Macbook Air M3 16GB/512GB [W] PayPal",m3,air,16,256,0,780
"[USA-NY] [H] MacBook Air M3 Space Grey (24/512) Mint Condition [W] Local cash, PayPal",m3,air,8,256,0,950
"[USA-NY] [H] AMD Swift XFX 9070 XT, 16"" Macbook Pro M1 (32gb Ram, 512gb SSD) [W] Paypal, Local Cash, G14, Omen 14, Macbook Air 15",m1,pro,32,256,0,850
[USA-CA] [H] Apple Macbook air M3 13 inch 2024 [W] Paypal /local cash,m3,air,8,256,0,555
[USA-FL] [H] Macbook Air M3 2024 13 inch 512gb 16gb Blue BNIB [W] Paypal,m3,air,8,512,1,800
"[USA-MI] [H] MacBook Air M3 15"" 512GB/16GB [W] PayPal",m3,air,8,512,0,800
"[USA-WI] [H] M3 Macbook Air - 13"", 16/512, Midnight [W] PayPal, Local Cash",m3,air,8,256,0,750
"[USA-TX][H] Alienware AW3418DW, MacBook Air M3, 1080p 60hz monitor [W] local cash",m3,air,8,256,0,875
"[USA-MA] [H] 13"" M3 Macbook Air 512gb 16gb [W] Paypal, Local Cash",m3,air,8,512,0,775
[USA-NV] [H] PayPal /cash [W] MacBook M4 Air 13-inch Midnight,m4,air,8,256,0,700
"[USA-AZ] [H] 2024 MacBook Air 13"" M3 16GB RAM 512 SSD Midnight Color [W] PayPal or Local",m3,air,16,256,0,750
"[USA-FL] [H] MacBook 2024 (M3, 16GB RAM, 256GB SSD 10-Core) [W] PayPal ",m3,air,16,256,0,670
"[USA-PA] [H] M3 Macbook Air 16 GB 100% BH - Still Under Warranty, Sony WH-1000XM5 [W] Local Cash, Paypal",m3,air,16,256,0,750
"[USA-TX] [H] Alienware AW2725DF OLED monitor, 5800x + 3060ti ITX build [W] Local Cash, 16gb macbook air",m2,air,16,256,0,450
"[USA-CA][H] Custom PC (AMD 7800X3D, 6750XT), MacBook Air 13"" (M3, 24GB, 512GB, Starlight), ASUS NUC 14 Pro Tall Barebone, Crucial X9 2TB, YU4 By Kanto, Fractal Mood (Grey), Corsair iCUE 240RX AIO (White) [W] PayPal or Local Cash",m3,pro,24,2000,0,1350
"[USA-GA] [H] 15-inch MacBook Air, M3 16gb/256gb[W] Paypal or local cash",m3,air,16,256,0,790
"[USA-CA] [H] 13” MacBook Air M3 (16GB / 256GB, Silver) [W] PayPal",m3,air,16,256,0,700
"[USA-CA] [H] Apple MacBook Pro &amp; Air [W] PayPal, Local Cash",m2,pro,8,256,0,750
"[USA-NJ][H] 13"" M3 Macbook Air 8/256gb [W] Local Cash",m3,air,8,256,0,620
"[USA-CA] [H] MacBooks (13"" M1 Air, 16"" M1 Pro, 16"" M1 Max, 16"" M3 Pro) [W] PayPal, Local Cash",m3,pro,8,256,0,650
"[USA-MA][H] 13"" M3 Macbook Air 16/512gb [W] Local Cash, Paypal",m3,air,8,512,0,800
"[USA-FL] [H] 15"" Macbook Air M3 16GB-256GB &amp; Gaming PC, 3080/Ryzen 7 5800X [W] Local Cash, Paypal",m3,air,16,256,0,1200
"[USA-TX] [H] 5800x + 3060ti ITX build [W] Local Cash, 16gb macbook air",m2,air,16,256,0,500
"[USA-WA] [H] M3 MacBook Air 15"", Samsung Odyssey G8 OLED 34"" 175Hz 30µs [W] PayPal G&amp;S",m3,air,8,256,0,700
"[USA-CA][H] M3 MacBook Air 13"" 16/512 Midnight Blue [W] Local Cash, PayPal",m3,air,8,256,0,600
[USA-OH] [H] Macbook Air 13in M3 16gb RAM 512gb SSD Midnight [W] PayPal,m3,air,16,256,0,850
"[USA-WA] [H] M3 MacBook Air 15"" w/ AppleCare+, Samsung Odyssey G8 OLED Ultrawide 34"" 175Hz [W] PayPal G&amp;S",m3,air,8,256,0,550
"[USA-CA] [H] M3 MacBook Air 15-inch - 16GB RAM - Midnight [W] PayPal, Cash",m3,air,16,256,0,900
[USA-TX] [H] MacBook Air m3 [W] PayPal/local,m3,air,8,256,0,825
"[USA-FL] [H] M1 Pro MacBook Pro 14"" [W] Paypal",m1,pro,8,256,0,675
"[USA-VA] [H] HP Zbook Ultra G1A Ryzen 385 32GB 512GB [W] Paypal, Macbook Pro M4/M5 Series 24GB 1TB or better",m4,pro,32,1000,0,1700
"[USA-MO] [H] 14 "" MacBook Pro M5 Pro 18/20 64GB RAM, 1TB SSD, Mixed 240GB 2.5"" SSD [W] PayPal",m2,pro,64,1000,0,2900
"[USA-NY] [H] Macbook Neo , 9100 Pro , 990 Pro [W] Cash, PayPal",m2,pro,8,256,0,690
"[USA-FL][H]14700KF, 64gb ddr5, z790-P, 16"" M5 MacBook Pro [W]Local Cash",m2,pro,64,256,0,850
"[USA-TX][H] M5 Pro Macbook Pro 16"" w/64GB RAM &amp; 1TB SSD [W] Paypal",m2,pro,64,1000,0,2500
"[USA-CA][H] MacBook Pro 14 inch m1 512SSD 32GB ram, WD BLACK 2TB SSD for ps5 [W] PayPal",m1,pro,32,2000,0,600
"[USA-TN] [H] Broken Macbook Pro 14"" M1 Pro for parts [W] PayPal",m1,pro,8,256,0,325
"[USA-OH][H] 14"" Macbook Pro M4 Silver |  14"" Asus Zenbook UX3404VA 120Hz OLED Touchscreen| WD_Black 4TB SSD | Crucial Ram 32GB DDR4-3200 | [W]PayPal",m4,pro,32,4000,0,1150
"[USA-TX] [H] Apple MacBook Pro 14 M5 Pro, Zotac GeForce RTX 5080 AMP Extreme Infinity(includes PRAGMATA code) [W] FormD 5080 FE T1 PC Build, PayPal",m2,pro,8,256,0,2149
[USA-TX][H] MacBook Pro 14 M1 Max 24c 64gb 2tb [W] PayPal G&amp;S,m1,pro,64,2000,0,1150
[USA-AZ] [H] 2021 MacBook Pro M1 Pro Chip 14 inch 16GB/1TB 10 Core CPU/16 Core GPU [W] PayPa,m1,pro,16,1000,0,800
"[USA-CA] [H] Silver MacBook Pro 16"" (M4 Max 16/40c, 48GB RAM, 1TB SSD) [W] Paypal",m4,pro,48,1000,0,2850
[USA-CA] [H] Dell Precision 7680 [W] PayPal / Local Cash / M5 Pro MacBook Pro,m2,pro,8,256,0,1850
"[USA-MN] [H] MacBook Pro 13"" 2020 M1 Pro - 17,1 Z11B000EMLL/A [W] PayPal",m1,pro,8,256,0,450
[USA-NJ] [H] 2020 MacBook Pro 13 inch 256GB i5 [W] PayPal,intel,pro,8,256,0,375
"[USA-MI][H]Macbook Pro M4 Pro 48gb Ram, 512 GB SSD[W]Paypal. Local Cash",m4,pro,48,256,0,2200
"[USA-MI] [H] MacBook Pro M5 14"" 512GB/16GB [W] PayPal",m2,pro,8,512,0,1275
"[USA-NY][H]RTX 5080 FE, Asus Tuf Advantage A16 Laptop [W] PayPal or MacBook Pro 14/16” M1/M2/M3",m3,pro,8,256,0,1300
"[USA-MI] [H] MacBook Pro 16-inch (2023) M2 Max 12-Core CPU, 64GB RAM, 38-Core GPU, 2TB SSD [W] PayPal, Cash",m2,pro,64,2000,0,1450
"[USA-TX][H] PayPal G&amp;S [W] MacBook Pro 16"" M2/M3/M4 Pro/Max 32GB+ 1TB+",m4,pro,32,1000,0,1800
"[USA-VA] [H] 14” M2 MacBook Pro 32 GB RAM 1 TB SSD [W] Paypal G&amp;S, Local",m2,pro,32,1000,0,1250
[USA-CT] [H] MacBook Pro 16” M1 Max 32gb/1TB and MacBook Pro 14” M2 Pro 16gb/512gb [w] PayPal,m2,pro,32,1000,0,930
[USA-FL] [H] Paypal [W] Macbook Pro M-Series Chip,m2,pro,8,256,0,500
"[USA-PA][H] Macbook Pro 13"" M2 2022 24 GB 1 TB [W] Paypal G&amp;S",m2,pro,24,1000,0,850
"[USA-TX] [H] MacBook M2 Pro 16, 32GB RAM, 1TB Storage (2023) [W] Paypal, Cash, Trade",m2,pro,32,1000,0,1075
"[USA-MD] [H] Apple MacBook Pro 14-inch Space Gray M2 Pro 16GB Memory 8TB SSD [W] PayPal, Local Cash",m2,pro,16,8000,0,1650
"[USA-OR] [H] Framework 16 Laptop w/7840HS, 64GB RAM, 2TB SSD + 256GB SSD [W] Paypal, Local Cash, or Macbook Pro 16""",m2,pro,64,2000,0,1550
"[USA-CO] [H] 2022 Macbook Pro 16GB 512GB, i5-7600k + Motherboard, DDR4 32GB 16GB and 8GB DIMMs, (Potentially Broken) Ryzen 5500 + Motherboard [W] PayPal, Local Cash",intel,pro,16,256,0,650
[USA-NY] [H] Paypal [W] M1 Macbook Pro 14,m1,pro,8,256,0,530
"[USA-TX] [H] MacBook Pro 14"" M4 Pro 20C GPU (24GB RAM 1TB) Space Black &amp; MacBook Pro 14"" M2 Pro 16C GPU (16GB RAM 512GB) Silver [W] PayPal",m4,pro,24,1000,0,1500
[USA-IL] [H] Paypal [W] M1 Macbook Pro 14”,m1,pro,8,256,0,700
"[USA-WA] [H] Two 2022 MacBook Pro 13"" (M2, 24GB, 512GB) [W] Paypal",m2,pro,24,256,0,670
"[USA-TX] [H] 2021 MacBook Pro 14"" (M1 Max, 64GB, 2TB, 32c GPU), 2023 MacBook Pro 14"" (M2 Pro, 16GB, 512GB) [W] PayPal",m2,pro,64,2000,0,1400
[USA-PA][H] 2022 Apple MacBook Pro 13 A2338 M2 [W] PayPal,m2,pro,8,256,0,600
[USA-MA] [H] MacBook Pro 14-Inch M2 Chip 2023 [W] Paypal,m2,pro,8,256,0,1100
"[USA-WA] [H] MacBook Pro 14"" M2 Pro 16GM RAM, 512GB Storage [W] PayPal",m2,pro,8,512,0,950
"[USA-VA] [H] Macbook Air M2 (Midnight, 16GB RAM, 1TB SSD), 4x HomePod Minis, Redmagic 10 Pro (16GB RAM, 512GB SSD, Dusk) [W] Paypal",m2,pro,16,1000,0,850
"[USA-IL][H] A2338(2020) MacBook Pro 13""/16gb/1tb &amp; RadioMaster Pocket M2 (charcoal/ELRS) [W] Paypal",m2,pro,16,1000,0,550
[USA-PA] [H] 2 x M2 MacBook Air 13 and MacBook Pro 2020 [W] PayPal,m2,pro,8,256,0,629
"[USA-WI] [H] 14"" MacBook Pro, M2 Pro CPU, 16GB Ram, 512GB Storage, Silver [W] Paypal",m2,pro,16,256,0,1100
"[USA-CA] [H] M2 MacBook Pro, HP &amp; Dell Laptops, Surface Go 4, Samsung Tablet [W] PayPal, Local Cash",m2,pro,8,256,0,900
[USA-TX] [H] M2 Pro MacBook Pro 14 inch (16Gb/512Gb) [W] PayPal Invoice,m2,pro,16,256,0,900
"[USA-CA][H] MacBook Air M2, Nintendo switches, ps5, Lenovo m720q, broken 2060 [W] PayPal, local cash, Steam deck",m2,air,8,256,0,600
"[USA-MD][H] Surface Laptop Studio i7, 16GB, RTX 3050Ti, 2TB SSD [W] MacBook Pro M1/M2 Pro 14” or 16”",m2,pro,16,2000,0,750
"[USA-NY][H]14"" Macbook Pro M2 Max 96GB RAM 2TB SSD 15 cycle count [W] Paypal or Cash",m2,pro,96,2000,0,2300
[USA-TX] [H] MacBook Pro M2 Pro 14 AppleCare [W] PayPal,m2,pro,8,256,0,950
"[USA-CA][H] New Nintendo 3DS XL, Macbook Pro 2019, Leopold FC980M PD Reef, Topping DX3+ Pro, and more! [W] Nvidia Shield / Apple TV, ITX Parts / SFF Machine, PayPal, Local Cash",m2,pro,8,256,0,650
"[USA-PA][H] 16"" M2 Macbook Pro 16GB 500GB [W] PayPal $1100",m2,pro,16,256,0,1100
[USA-NJ][H] 14-inch MacBook Pro M4 Pro 512GB/48GB [W] PayPal,m4,pro,8,512,0,2000
"[USA-NY][H] Radeon 7800XT, 2021 14"" M1 Pro MacBook Pro [W] PayPal",m1,pro,8,256,0,400
"[USA-TX] [H] MacBook Pro M4 14"" 512GB/16GB [W] PayPal G+S, Local Paypal F+F",m4,pro,8,512,0,1200
"[USA-IL] [H] 14"" Macbook Pro (m3 pro, 18gb ram) [W] PayPal",m3,pro,8,256,0,1100
"[USA-GA] [H] M3 Pro MacBook Pro (14 inch, 18 GB Ram, 512 SSD), Samsung Galaxy Tab S10+ (12 Gb Ram, 256 GB SSD) [W] PayPal",m3,pro,8,256,0,530
[USA-CA] [H] PayPal [W] MacBook Pro,m2,pro,8,256,0,900
"[USA-CA][H] Macbook Pro 14 (Silver / M3 Pro / 36GB RAM / 1TB) [W] PayPal, local cash",m3,pro,36,1000,0,1350
"[USA-MI][H] New/Sealed Apple MacBook Pro 14"" M3 Pro Chip 18GB RAM 512GB Space Black [W] PayPal/Trade",m3,pro,8,256,1,1600
[USA-IL][H] 16” MacBook Pro M3 Max Space Black [W] PayPal or Cash,m3,pro,8,256,0,2600
[USA-CA] [H] Macbook Pro M3 Pro Space Black 512gb with 18gb Ram MRX33LL/A [W] PayPal / Cash (FRESNO),m3,pro,8,512,0,925
[USA-NC][H]Lenovo Legion Go 2 &amp; MacBook Pro 14[W]PayPal,m2,pro,8,256,0,1550
"[USA-NJ] [H] Razer Blade 18 5080, Macbook pro 16 M3 Max [W] Paypal",m3,pro,8,256,0,2800
"[USA-NJ] [H] Razer Blade 18 5080, M3 Macbook pro 16 [W] Paypal",m3,pro,8,256,0,3000
"[USA-CO] [H] Meta Quest 3 128GB, Macbook Pro M3 Pro 14"" 512/18, Asus Zephyrus G14 270 16GB 5060 [W] PayPal",m3,pro,128,256,0,315
[USA-NJ] [H] M3 Macbook pro 16 [W] Paypal,m3,pro,8,256,0,1900
"[USA-MI] [H] MacBook Pro M3 Pro 16"" 512GB/18GB AppleCare+ [W] PayPal",m3,pro,8,512,0,1325
[USA-MI] [H] MacBook Pro M3 Pro 1TB/18GB [W] PayPal,m3,pro,8,1000,0,1250
[USA-MI] [H] MacBook Pro M3 Pro AppleCare+ [W] PayPal,m3,pro,8,256,0,1125
[USA-MI] [H] MacBook Pro M3 Pro 1TB/36GB [W] PayPal,m3,pro,36,1000,0,1450
"[USA-CA] [H] Apple Macbook Pro M3 (8GB RAM, 1TB SSD) [W] Paypal",m3,pro,8,1000,0,700
[USA-MI] [H] MacBook Pro M3 Pro [W] PayPal,m3,pro,8,256,0,1100
[USA-NC][H] Macbook Pro 14in 2021 16gb 512hdd [W] Paypal,m2,pro,16,256,0,550
"[USA-IN] [H] MacBook Pro 16"" M1 Pro (10c/16c), 16GB RAM, 1TB SSD - MINT, 37 Battery Cycles [W] PayPal",m1,pro,16,1000,0,825
"[USA] [H] 16 Inch MacBook Pro 2021 64 GB RAM 2TB SSD M1 Max [W] PayPal, New 3DS XL w/Pokemon Bank",m1,pro,64,2000,0,1800
[USA-PA] [H] Broken MacBook Pro 14in M1 Pro for parts [W] PayPal,m1,pro,8,256,0,300
"[USA-NJ] [H] 16 inch MacBook Pro M1 Max 64GB RAM / 2TB SSD Space Gray [W] PayPal G&amp;S, Local Cash",m1,pro,64,2000,0,1500
"[USA-NJ] [H] 16 inch MacBook Pro M1 Max 64 gb ram 2tb ssd space gray [W] PayPal, Local Cash",m1,pro,64,2000,0,1500
"[USA-OH][H] M1 Mac mini 16gb/256gb, M4 MacBook Air 16gb/256gb w/ Applecare, AM4 Combo Ryzen 8c, 16gb ddr4 3200, 512gb nvme, 5500xt [W] Paypal",m4,air,16,256,0,750
"[USA-CA] [H] Mac Mini M1 (16/1Tb/10Gbe), MacBook Pro M1 (8/256), MacBookAir M1 (16/512) [W] Paypal, cash.",m1,pro,8,1000,0,400
"[USA-CA] [H] g.skill flare x5 ddr5 6000mhz/cl36 32gb kit, MacBook Air M1 16gb/512gb, intel core ultra 7 265k + msi pro b860-p wifi mobo [W] PayPal",m1,pro,32,256,0,300
"[USA-CA] [H] Macbook Pro M1 512gb/16gb 99% Batt, Macbook Air M1 256gb/8gb AS IS, Nintendo Switch 1 + Mario Kart 8, Animal Crossing [W] PayPal",m1,pro,8,512,0,575
"[USA-FL] [H] M1 MacBook Air, M5/24GB/1TB AC+ MacBook Pro 14"", HYDROC-16 4090 Laptop, Blade 15 Mercury for Parts [W] PayPal, Local Cash",m1,pro,24,1000,0,425
"[USA-MN] [H] M1 MacBook Air 16 GB Ram, i7 9700k CPU, MSI MPG Z390 Motherboard, 32 GB DDR4 Corsair Vengeance LED Ram [W] PayPal",m1,air,16,256,0,375
"[USA-FL] [H] M1 MacBook Air, Thinkpad X1 Carbon [W] PayPal, Local Cash",m1,air,8,256,0,425
"[USA-FL] [H] M1 MacBook Air + OG Box &amp; Charger [W] PayPal, Local Cash",m1,air,8,256,0,425
"[USA-WA][H] Gaming PC (AMD r5 3600x, Asus x570-I, 16gb HOF DDR4 3600mhz, 1TB SN550, rtx 2080ti FE, 850W EVGA g3 PSU), BNIB Apple MacBook Air m1 Base, 2019 16” MacBook Pro, Dell G7 Laptop (i7 10750h, 16gb ram, RTX 2070, 17.3” 1080p 144hz, 1TB), 3.84TB Micron 5300 2.5” SSD [W] PayPal, Local Cash",m1,pro,16,1000,1,1600
"[USA-MA] [H] Macbook Air M1 8GB/128GB, Samsung Galaxy Tab A9+ 4GB/64GB [W] Paypal",m1,air,8,256,0,300
[USA-KY] [H] PayPal [W] M1 MacBook,m1,air,8,256,0,300
"[USA-NY][H] M1 Macbook Air, ASUS b660i Strix &amp; MSI Pro X870E-P [W] PayPal/Local Cash",m1,pro,8,256,0,385
"[USA-CA] [H] Lenovo Legion pro 16 inch Oled with RTX 5070TI, Razer blade 14 inch Oled with rtx5070, MacBook Air m1 base [W] PayPal",m1,pro,8,256,0,1800
"[USA-NY][H] Macbook Air M1, Dell G15 Laptop, Caldigit TS3 Plus [W] Paypal",m1,air,8,256,0,365
"[USA-CA] [H] MacBook Air - 13-inch M1 8gb Memory 512gb Storage [W] PayPal, Local Cash",m1,air,8,256,0,365
[USA-WA] [H] Macbook M1 Air 16G/256G [W] Paypal/Local Cash,m1,air,8,256,0,450
"[USA-MA] [H] MSI 321URX, 3x Samsung Odyssey G7 G70D [W] PayPal, Local Cash, AM5 Build Parts, Macbook Air/Pro M1 or better",m1,pro,8,256,0,550
"[USA-NY] [H] Macbook Pro 14"" 2021 M1 Max 32GB RAM 512GB 88% Battery Health [W] PayPal",m1,pro,32,256,0,995
"[USA-CA] [H] MacBook Air M1 (16GB RAM, 512GB Storage, 8C, 95% BAT) [W] PayPal",m1,air,16,256,0,475
[USA-CA][H] M1 Macbook Air 16GB/1TB silver [W] Paypal,m1,air,16,1000,0,500
"[USA-CA] [H] Bunch of GPUs, Phanteks Revolt Pro 1000W Gold, 2020 M1 13.3”MacBook Air, Silver (8 GB RAM, 256 SSD) [W] Local Cash, PayPal G&amp;S",m1,pro,8,256,0,315
"[USA-CA] [H] Macbook M1 Max 64gb ram, 1tb SSD mdm bypassed, MacBook Air m1 13 inch [W] PayPal",m1,air,64,1000,0,800
"[USA-CA][H] Macbook Air M1 (8 GB, 512 GB), Kanto YU4 Powered Speakers [W] PayPal",m1,air,8,256,0,420
[USA-FL] [H] MacBook Air M1 13 inch 256GB SSD 8GB RAM and iPad Mini 6th gen 64GB with Apple Pencil 2 [W] PayPal,m1,air,8,256,0,300
[USA-NY] [H] MacBook Air M1 16in [W] PayPal/Local Cash,m1,air,8,256,0,400
"[USA-MI][H] Steam Deck LCD 512GB+, Nvidia GeForce RTX 4070 Ti Super (MSI Shadow 3X OC), M1 Macbook Air (8GB/256GB) (LCD issues) [W] Paypal",m1,air,8,512,0,300
[USA-NY] [H] Macbook Air M1 [W] Paypal,m1,air,8,256,0,390
[USA-GA] [H] 2020 M1 MacBook Air 8GB RAM/256GB SSD [W] PayPal/Local Cash,m1,air,8,256,0,325
[USA-NJ] [H] PayPal/Local [W] MacBook Air/Pro,m2,pro,8,256,0,400
[USA-CA] [H] MacBook Air m1 base rose gold[W] PayPal,m1,air,8,256,0,350
"[USA-MA] [H] MacBook Air M1 (8GB RAM, 512GB Storage) [W] PayPal",m1,air,8,256,0,430
[USA-CA] [H] M1 MacBook Air 8GB RAM 256 GB SSD w/Privacy screen and camera cover [W] PayPal,m1,air,8,256,0,350
[USA-IL] [H] Macbook Air M1 [W] Paypal,m1,air,8,256,0,325
"[USA-GA] [H] Lenovo Legion Pro 5 (8745HX, 5060, 32G, 1T), Legion Pro 5i (13900HX, 4070, 16G, 1T), MacBook Pro 16-inch (M1 Max, 32G, 512G) [W] PayPal",m1,pro,8,256,0,900
[USA-PA] [H] 2020 Apple M1 MacBook Pro w/ Touchbar [W] PayPal,m1,pro,8,256,0,375
"[USA-NJ][H]2021 14"" M1 Pro MacBook Pro[W] PayPal",m1,pro,8,256,0,650
"[USA-IL] [H] 14” M1 MacBook Pro, Silver, 512 GB SSD, 16 GB RAM [W] PayPal",m1,pro,8,512,0,675
"[USA-VA][H] Macbook Pro 14"" (2021) [W] Paypal",m2,pro,8,256,0,500
"[USA-NV] [H] 14"" MacBook M1 Pro [W] PayPal",m1,pro,8,256,0,700
"[USA-FL] [H] Yoga Pro 9i Aura Edition Laptop, HYDROC-16 4090 Laptop, M1 Pro 14"" MacBook Pro [W] PayPal, Local Cash",m1,pro,8,256,0,1850
"[USA-NY][H] MacBook Pro M1, PlayStation 4 Pro, PS Vita 2000 [W] Paypal",m1,pro,8,256,0,680
"[USA-NY] [H] M1 Pro MacBook 14” (16gb, 1tb ssd) [W] PayPal",m1,pro,16,1000,0,660
[USA-FL][H]Macbook M1 Pro 16gb 1tb[W] Local cash,m1,pro,16,1000,0,750
"[USA-ID] [H] Space gray 16” MacBook Pro M1 Max, 32GB unified memory, 1TB SSD with 6 battery cycles [W] PayPal G&amp;S",m1,pro,32,1000,0,1200
[USA-FL] [H] M1 Pro MacBook 14” [W] PayPal,m1,pro,8,256,0,750
"[USA-PA] [H] 2020 Apple M1 MacBook Pro w/Touchbar, Pink Logitech Pro X TKL, Razer Blackwidow 75% [W] PayPal",m1,pro,8,256,0,400
[USA-NC] [H] Macbook Pro M1 16in and 14in | Dell Latitude 7455 | Pixelbook Go i5 [W] Paypal,m1,pro,8,256,0,750
[USA-OR] [H] MacBook Pro 14-Inch M1 Max 32GB RAM 512GB SSD 32-Core GPU [W] Paypal,m1,pro,32,256,0,1000
[USA-LA][H] 2021 14 inch MacBook Pro M1 Max 32GB/1TB/32c [W] PayPal,m1,pro,32,1000,0,975
"[USA-CT] [H] 14"" M1 Pro Macbook Pro 16GB/1TB [W] Paypal",m1,pro,16,1000,0,600
[USA-MA] [H] MacBook Pro 16in [W] paypal/local cash,m2,pro,8,256,0,875
"[USA-PA][H] Various iPhone 12 Pro Max - iPad Pro 12.9 2nd Gen 256Gb - MacBook Pro M1 Pro 14"" [W] Local Cash or Trade",m1,pro,8,256,0,300
"[USA-OH] [H] Apple MacBook Pro M1 Pro 16gb/1tb [W] PayPal, Local Cash",m1,pro,16,1000,0,800
"[USA-MD] [H] 2021 16"" M1 Max MacBook Pro, 32GB RAM, 1 TB SSD [W] PayPal",m1,pro,32,1000,0,1100
[USA-OR] [H] 2021 M1 Max Macbook Pro 1TB 16inch grey [W] Paypal,m1,pro,8,1000,0,650
"[USA-SC] [H] MacBook Pro 14"" M1 16/512, Dell Ultrasharp U4021QW 5k2k Monitor, SSUPD Meshlicious Black MITX case [W] Paypal, local cash",m1,pro,8,256,0,675
[USA-IL] [H] PayPal [W] MacBook Pro M1 or M1 Pro,m1,pro,8,256,0,500
[USA-PA] [H] 2020 Apple M1 MacBook Pro w/Touchbar [W] PayPal,m1,pro,8,256,0,400
"[USA-NY] [H] MacBook Pro 16"" (2021) M1 Pro, 16GB RAM, 1TB SSD [W] Local Cash",m1,pro,16,1000,0,1300
"[USA-VA] [H] MacBook Pro 13in m1 1tb 16gb ram, Garmin Tactix 7 pro [W] Local cash or PayPal",m1,pro,16,1000,0,600
"[USA-MI] [H] Paypal, Local Cash [W] MacBook Pro 16” with Apple Processor",m2,pro,8,256,0,700
